{"options":{"check_for_updates":true,"user_modified":null,"comment":null,"compatopts_for_requires":true,"compat_wrappedjsobject":false,"compat_metadata":false,"compat_foreach":false,"compat_powerful_this":null,"sandbox":null,"noframes":null,"unwrap":null,"run_at":null,"run_in":null,"tags":[],"override":{"use_includes":[],"orig_includes":[],"merge_includes":true,"use_matches":[],"orig_matches":["*://*/*"],"merge_matches":true,"use_excludes":[],"orig_excludes":[],"merge_excludes":true,"use_connects":[],"orig_connects":[],"merge_connects":true,"use_blockers":[],"orig_run_at":"document-start","orig_run_in":[],"orig_noframes":null,"orig_tags":[]}},"settings":{"enabled":true,"position":8},"meta":{"name":"[SNOLAB] Alt + i to invert color of Images / Videos Color","uuid":"2bfd871f-4c79-4789-a109-c25185b13e64","modified":1742399224028,"file_url":"https://update.greasyfork.org/scripts/528816/%5BSNOLAB%5D%20Alt%20%2B%20i%20to%20invert%20color%20of%20Images%20%20Videos%20Color.user.js"}}