{"options":{"check_for_updates":true,"user_modified":null,"comment":null,"compatopts_for_requires":true,"compat_wrappedjsobject":false,"compat_metadata":false,"compat_foreach":false,"compat_powerful_this":null,"sandbox":null,"noframes":null,"unwrap":null,"run_at":null,"run_in":null,"tags":[],"override":{"use_includes":[],"orig_includes":[],"merge_includes":true,"use_matches":[],"orig_matches":["*://*/*"],"merge_matches":true,"use_excludes":[],"orig_excludes":[],"merge_excludes":true,"use_connects":[],"orig_connects":[],"merge_connects":true,"use_blockers":[],"orig_run_at":"document-body","orig_run_in":[],"orig_noframes":null,"orig_tags":[]}},"settings":{"enabled":true,"position":1},"meta":{"name":"Remove Link Underlines","uuid":"7a4b8395-b87d-4c18-9180-67b245103cd8","modified":1735485290339,"file_url":"https://update.greasyfork.org/scripts/498625/Remove%20Link%20Underlines.user.js"}}