{"options":{"check_for_updates":true,"user_modified":null,"comment":null,"compatopts_for_requires":true,"compat_wrappedjsobject":false,"compat_metadata":false,"compat_foreach":false,"compat_powerful_this":null,"sandbox":null,"noframes":null,"unwrap":null,"run_at":null,"run_in":null,"tags":[],"override":{"use_includes":[],"orig_includes":["*://*.csdn.net/*"],"merge_includes":true,"use_matches":[],"orig_matches":[],"merge_matches":true,"use_excludes":[],"orig_excludes":[],"merge_excludes":true,"use_connects":[],"orig_connects":["www.csdn.net"],"merge_connects":true,"use_blockers":[],"orig_run_at":"document-idle","orig_run_in":[],"orig_noframes":null,"orig_tags":[]}},"settings":{"enabled":true,"position":7},"meta":{"name":"「CSDNGreener」🍃CSDN广告完全过滤|免登录|个性化排版|最强老牌脚本|持续更新","uuid":"7676576f-32bd-4f2b-8478-a79f6293b0b8","modified":1741693246230,"file_url":"https://update.greasyfork.org/scripts/378351/%E3%80%8CCSDNGreener%E3%80%8D%F0%9F%8D%83CSDN%E5%B9%BF%E5%91%8A%E5%AE%8C%E5%85%A8%E8%BF%87%E6%BB%A4%7C%E5%85%8D%E7%99%BB%E5%BD%95%7C%E4%B8%AA%E6%80%A7%E5%8C%96%E6%8E%92%E7%89%88%7C%E6%9C%80%E5%BC%BA%E8%80%81%E7%89%8C%E8%84%9A%E6%9C%AC%7C%E6%8C%81%E7%BB%AD%E6%9B%B4%E6%96%B0.user.js"}}