{"options":{"check_for_updates":true,"user_modified":null,"comment":null,"compatopts_for_requires":true,"compat_wrappedjsobject":false,"compat_metadata":false,"compat_foreach":false,"compat_powerful_this":null,"sandbox":"DOM","noframes":null,"unwrap":null,"run_at":null,"run_in":null,"tags":[],"override":{"use_includes":[],"orig_includes":[],"merge_includes":true,"use_matches":[],"orig_matches":["http://*/*","https://*/*"],"merge_matches":true,"use_excludes":[],"orig_excludes":["/^https?://\\S+\\.(txt|png|jpg|jpeg|gif|xml|svg|manifest|log|ini)[^\\/]*$/","/^shttps?://yuzu-emu.org/*$/"],"merge_excludes":true,"use_connects":[],"orig_connects":[],"merge_connects":true,"use_blockers":[],"orig_run_at":"document-start","orig_run_in":[],"orig_noframes":null,"orig_tags":[]}},"settings":{"enabled":true,"position":2},"meta":{"name":"中英文之间加空白","uuid":"cceb7add-5d61-42d5-9e8b-48e330257b71","modified":1738475332756,"file_url":"https://update.greasyfork.org/scripts/470865/%E4%B8%AD%E8%8B%B1%E6%96%87%E4%B9%8B%E9%97%B4%E5%8A%A0%E7%A9%BA%E7%99%BD.user.js"}}