{"options":{"check_for_updates":true,"user_modified":null,"comment":null,"compatopts_for_requires":true,"compat_wrappedjsobject":false,"compat_metadata":false,"compat_foreach":false,"compat_powerful_this":null,"sandbox":null,"noframes":null,"unwrap":null,"run_at":null,"run_in":null,"tags":[],"override":{"use_includes":[],"orig_includes":[],"merge_includes":true,"use_matches":[],"orig_matches":["https://www.zhipin.com/web/geek/job*"],"merge_matches":true,"use_excludes":[],"orig_excludes":[],"merge_excludes":true,"use_connects":[],"orig_connects":[],"merge_connects":true,"use_blockers":[],"orig_run_at":"document-idle","orig_run_in":[],"orig_noframes":null,"orig_tags":[]}},"settings":{"enabled":false,"position":9},"meta":{"name":"boss直聘过滤不活跃的HR （永远怀念版）","uuid":"e418820d-0be0-47f3-901a-3c4ab1371d5a","modified":1741371275580,"file_url":"https://update.greasyfork.org/scripts/512753/boss%E7%9B%B4%E8%81%98%E8%BF%87%E6%BB%A4%E4%B8%8D%E6%B4%BB%E8%B7%83%E7%9A%84HR%20%EF%BC%88%E6%B0%B8%E8%BF%9C%E6%80%80%E5%BF%B5%E7%89%88%EF%BC%89.user.js"}}