{"options":{"check_for_updates":true,"user_modified":null,"comment":null,"compatopts_for_requires":true,"compat_wrappedjsobject":false,"compat_metadata":false,"compat_foreach":false,"compat_powerful_this":null,"sandbox":null,"noframes":null,"unwrap":null,"run_at":null,"run_in":null,"tags":[],"override":{"use_includes":[],"orig_includes":["https://www.zhipin.com"],"merge_includes":true,"use_matches":[],"orig_matches":["https://www.zhipin.com/*"],"merge_matches":true,"use_excludes":[],"orig_excludes":[],"merge_excludes":true,"use_connects":[],"orig_connects":["www.tl.beer"],"merge_connects":true,"use_blockers":[],"orig_run_at":"document-start","orig_run_in":[],"orig_noframes":null,"orig_tags":[]}},"settings":{"enabled":false,"position":8},"meta":{"name":"Boss Batch Push [Boss直聘批量投简历]","uuid":"938c8087-bae4-4cd4-aeac-9cc351dd5071","modified":1741371258612,"file_url":"https://update.greasyfork.org/scripts/468125/Boss%20Batch%20Push%20%5BBoss%E7%9B%B4%E8%81%98%E6%89%B9%E9%87%8F%E6%8A%95%E7%AE%80%E5%8E%86%5D.user.js"}}