{"options":{"check_for_updates":true,"user_modified":null,"comment":null,"compatopts_for_requires":true,"compat_wrappedjsobject":false,"compat_metadata":false,"compat_foreach":false,"compat_powerful_this":null,"sandbox":null,"noframes":null,"unwrap":null,"run_at":null,"run_in":null,"tags":[],"override":{"use_includes":[],"orig_includes":[],"merge_includes":true,"use_matches":[],"orig_matches":["https://www.zhipin.com/web/geek/job*"],"merge_matches":true,"use_excludes":[],"orig_excludes":[],"merge_excludes":true,"use_connects":[],"orig_connects":[],"merge_connects":true,"use_blockers":[],"orig_run_at":"document-idle","orig_run_in":[],"orig_noframes":null,"orig_tags":[]}},"settings":{"enabled":false,"position":10},"meta":{"name":"BOSS直聘信息透出","uuid":"f281dcc1-ece1-4a61-a9a9-d07f5988f747","modified":1741499351009,"file_url":"https://update.greasyfork.org/scripts/486545/BOSS%E7%9B%B4%E8%81%98%E4%BF%A1%E6%81%AF%E9%80%8F%E5%87%BA.user.js"}}